cleaned_review,Label
one reviewers mention watch 1 oz episode hook right exactly happen first thing strike oz brutality unflinching scenes violence set right word go trust show faint hearted timid show pull punch regard drug sex violence hardcore classic use word call oz nickname give oswald maximum security state penitentary focus mainly emerald city experimental section prison cells glass front face inwards privacy high agenda em city home many aryans muslims gangstas latinos christians italians irish scuffle death star dodgy deal shady agreements never far away would say main appeal show due fact go show dare forget pretty picture paint mainstream audiences forget charm forget romance oz mess around first episode ever saw strike nasty surreal say ready watch develop taste oz get accustom high level graphic violence violence injustice crook guard sell nickel inmates kill order get away well mannered middle class inmates turn prison bitch due lack street skills prison experience watch oz may become comfortable uncomfortable view thats get touch darker side,positive
wonderful little production film technique unassuming old time bbc fashion give comfort sometimes discomforting sense realism entire piece actors extremely well choose michael sheen get polari voice pat truly see seamless edit guide reference williams diary entries well worth watch terrificly write perform piece masterful production one great master comedy life realism really come home little things fantasy guard rather use traditional dream techniques remain solid disappear play knowledge sense particularly scenes concern orton halliwell set particularly flat halliwell murals decorate every surface terribly well do,positive
think wonderful way spend time hot summer weekend sit air condition theater watch light hearted comedy plot simplistic dialogue witty character likable even well bread suspect serial killer may disappoint realize match point 2 risk addiction think proof woody allen still fully control style many us grow love laugh one woody comedies years dare say decade never impress scarlet johanson manage tone sexy image jump right average spirit young woman may crown jewel career wittier devil wear prada interest superman great comedy go see friends,positive
basically family little boy jake think zombie closet parent fight time movie slower soap opera suddenly jake decide become rambo kill zombie ok first go make film must decide thriller drama drama movie watchable parent divorce argue like real life jake closet totally ruin film expect see boogeyman similar movie instead watch drama meaningless thriller spot 3 10 well play parent descent dialogs shots jake ignore,negative
petter mattei love time money visually stun film watch mr mattei offer us vivid portrait human relations movie seem tell us money power success people different situations encounter variation arthur schnitzler play theme director transfer action present time new york different character meet connect one connect one way another next person one seem know previous point contact stylishly film sophisticate luxurious look take see people live world live habitat thing one get souls picture different stag loneliness one inhabit big city exactly best place human relations find sincere fulfillment one discern case people encounter act good mr mattei direction steve buscemi rosario dawson carol kane michael imperioli adrian grenier rest talented cast make character come alive wish mr mattei good luck await anxiously next work,positive
probably time favorite movie story selflessness sacrifice dedication noble cause preachy bore never get old despite see 15 time last 25 years paul lukas performance bring tear eye bette davis one truly sympathetic roles delight kid grandma say like dress midgets children make fun watch mother slow awaken happen world roof believable startle dozen thumb movie,positive
sure would like see resurrection date seahunt series tech today would bring back kid excitement grow black white tv seahunt gunsmoke hero every week vote comeback new sea hunt need change pace tv would work world water adventure oh way thank outlet like view many viewpoints tv many movies ole way believe get wanna say would nice read plus point sea hunt rhyme would 10 line would let submit leave doubt quit must go let,positive
show amaze fresh innovative idea 70 first air first 7 8 years brilliant things drop 1990 show really funny anymore continue decline complete waste time today truly disgraceful far show fall write painfully bad performances almost bad mildly entertain respite guest host show probably still air find hard believe creator hand select original cast also choose band hack follow one recognize brilliance see fit replace mediocrity felt must give 2 star respect original cast make show huge success show awful believe still air,negative
encourage positive comment film look forward watch film bad mistake see 950 film truly one worst awful almost every way edit pace storyline act soundtrack film song lame country tune play less four time film look cheap nasty bore extreme rarely happy see end credit film thing prevent give 1 score harvey keitel far best performance least seem make bite effort one keitel obsessives,negative
like original gut wrench laughter like movie young old love movie hell even mom like great camp,positive
phil alien one quirky film humour base around oddness everything rather actual punchlines first odd pretty funny movie progress find joke oddness funny anymore low budget film thats never problem pretty interest character eventually lose interest imagine film would appeal stoner currently partake something similar better try brother another planet,negative
saw movie 12 come recall scariest scene big bird eat men dangle helplessly parachute right air horror horror young kid go cheesy b film saturday afternoons still tire formula monster type movies usually include hero beautiful woman might daughter professor happy resolution monster die end care much romantic angle 12 year old predictable plot love unintentional humor year later saw psycho come love star janet leigh bump early film sit take notice point since screenwriters make story make scary possible well wear formula rule,negative
im big fan boll work many enjoy movie postal maybe im one boll apparently buy right use far cry long ago even game even finsished people enjoy kill mercs infiltrate secret research labs locate tropical island warn far cry something mr boll scheme together along legion schmucks feel loneley set mr boll invite three countrymen play players go name til schweiger udo kier ralf moeller three name actually make selfs pretty big movie biz tale go like jack carver play til schweiger yes carver german hail bratwurst eat dudes however find tils act movie pretty badass people complain really stay true whole carver agenda saw carver first person perspective really know look like kick however storyline film beyond demented see evil mad scientist dr krieger play udo kier make genetically mutate soldier gms call perform top secret research island remind spoiler vancouver reason thats right palm tree instead get nice rich lumberjack woods even go far start cry mehehe cannot go wanna stay true bolls shenanigans go see movie disappoint deliver true boll experience mean suck things worth mention would imply boll good work areas film nice boat fight scenes whole cromed albino gms squad enter scene everything make laugh movie far cry reek scheisse poop simpletons fa r wanna take wiff go ahead btw carver get annoy sidekick make wanna shoot first three minutes screen,negative
cast play shakespeare shakespeare lose appreciate try bring shakespeare mass ruin something good scottish play favorite shakespeare know know certain rev bowdler hence bowdlerization try something similar victorian era word cannot improve perfection write write least ten line text english composition never forte keep go say movie say go cut,negative
fantastic movie three prisoners become famous one actors george clooney fan roll bad another good thing movie soundtrack man constant sorrow recommand movie everybody greet bart,positive
kind draw erotic scenes realize one amateurish unbelievable bits film ever see sort like high school film project rosanna arquette think stock character bizarre suppose midwest town pretty hard get involve one lessons learn brilliant insights stilted quite ridiculous lot skin intrigue videotape nonsense bisexual relationship nowhere heterosexual encounter absurd dance everybody play stereotype roles give one pass like million miles bad waste film money could spend starve children aid africa,negative
film simply remake one bad film fail capture flavor terror 1963 film title liam neeson excellent always cast hold exception owen wilson bring right feel character luke major fault version stray far shirley jackson story attempt grandiose lose thrill earlier film trade snazzier special effect say bad film enjoy friction terror older version much,positive
movie make one top 10 awful movies horrible continuous minute fight one monster another chance character development busy run one sword fight another emotional attachment except big bad machine want destroy scenes blatantly steal movies lotr star war matrix examples ghost scene end steal final scene old star war yoda obee one vader spider machine begin exactly like frodo attack spider return kings elijah wood victim film wait hypnotize sting victim wrap uh hello whole machine vs humans theme matrix terminator examples waste time someone tell nazi nazi juvenile story line rush juvenile conclusion movie could decide children movie adult movie much either awful real disappointment say least save money,negative
remember film first film watch cinema picture dark place nervous back 74 75 dad take brother sister newbury cinema newbury berkshire england recall tigers lot snow film also appearance grizzly adams actor dan haggery think one tigers get shoot die anyone know find dvd etc please let know cinema turn fitness club big shame nearest cinema 20 miles away would love hear others see film like,positive
awful film must real stinkers nominate golden globe take story first famous female renaissance painter mangle beyond recognition complaint take liberties facts story good would perfectly fine simply bizarre account true story artist would make far better film come dishwater dull script suppose enough naked people factual version hurriedly cap end summary artist life could save couple hours favor rest film brevity,negative
success die hard sequels surprise really 1990s glut die hard movies cash wrong guy wrong place wrong time concept cliffhanger die hard mountain time rescue sly stop mom shoot stallone career cliffhanger one big nit pickers dream especially expert mountain climb base jump aviation facial expressions act skills full excuse dismiss film one overblown pile junk stallone even manage get act horse however forget nonsense actually lovable undeniably entertain romp deliver plenty thrill unintentionally plenty laugh get love john lithgows sneery evilness tick every box band baddies best permanently harass hapless turncoat agent rex linn travers may henry portrait serial killer michael rooker noteworthy cringe worthy performance hal insist constantly shriek painful disbelief captors man never hurt anybody whilst surely really look like ralph waite frank character grin girl plummet death mention must go former london burn actor craig fairbrass brit bad guy come cropper whilst use hal human football yes help enjoy bite hal need good kick forget better judgement care could never happen lower act expectations turn volume enjoy look qaulen one wear helicopter,positive
terrible misfortune view b movie entirety say save time money get worst b movie time even call b movie like f movie fail aspects make good movie story interest actors paper thin believable bad direction action sequence fake almost funny almost movie pack full crappy one liners respectable person could find amuse least little bite movie suppose gear towards men women utterly unattractive especially old wrinkle thing come towards end try appear sexy weird horrible costume fail miserably even ridiculous b movies still give laugh painful watch,negative
absolutely stun movie 2 5 hrs kill watch regret much fun rajnikanth carry movie shoulder although anything still like music r rehman take time grow hear time really start like,positive
first let get things straight anime fan always matter fact use watch speed racer time preschool b like several b movies hilarious c like godzilla movies lot move movie first come seem like go usual b movie crappy fx sudden boom anime come movie go wwwaaaaayyyyy downhill animation bad cheap even worse remember speed racer crissakes fact cheap one scenes movie vividly remember bunch kid run school kid fx terrible dinosaurs look worse godzilla addition transition live action animation unorganized dialogue voice especially english dub view horrid beg dad take tape dvd vhs player thing keep survive crack joke comment like robots joel mike mst3k pick season honestly way barely enjoy movie survive time heck plan show another fellow otaku pal mine halloween b movie night stupid pretty painful watch unintentionally hilarious time give movie 3 10 improvement 0 5 10 originally go give accord grade scale 3 10 mean pretty much bore bad fun count three unless find way make fun become fun count 15,negative
worst movie saw worldfest also receive least amount applause afterwards think receive recognition base amount know actors film great see j beals movie minutes parker much better actress part allow rest act hard judge movie ridiculous predictable main character totally unsympathetic therefore bore watch real emotional depth story movie revolve actor get work feel original development cop feel like one many straight video movies saw back 90s even good one standards,negative
karen carpenter story show little singer karen carpenter complex life though fail give accurate facts detail cynthia gibb portray karen fine election good actress play naive sort dumb karen carpenter think role need stronger character someone stronger personality louise fletcher role agnes carpenter terrific great job karen mother great songs could include soundtrack album unfortunately though movie top rat usa several countries,positive
cell exotic masterpiece dizzy trip vast mind serial killer also one talented director conclusive evidence achieve human be unleash uninhibited imaginations boldness work push aside thoughts fall formulas cliches create something truly magnificent best movie year date read numerous complaints film anywhere style substance poorly cast character bad act negatively criticize film miss point movie may landmark tradition future movies hopefully follow cell open door another world imagination slam door face tell director tarsem singh want personally would welcome another movie tarsem would love see someone try challenge hear talk go inside mind serial killer yes agree genre bite overwork 90s full movies try depict make serial killers tick work fail cell blaze trail give new twist physically transport mind present nothing less fascinate journey mysterious subject matter ever study like movie bog us much scientific jargon try explain jennifer lopez actually get enter brain another instead lie laboratory table wrap look like really long twizzlers jaunt another entity cell want let see guess people like true like explanations movies movie venture onto new grind must let desire simply take notice film dark show reality maybe contrast bright visuals inside brain another nonetheless set design simply astonish surprise film take home oscars cinematography best costume best director like least get nominate best picture notice kind repeat nothing else say stress enough fantastic think cell walk movie open mind take wonder eye pop feast assure good time guess film little much people write weird crazy much psychology imagination human mind right alley leave theater hear one audience member say whoever make movie sure lot good drug want smoke 4,positive
film try many things sting political satire hollywood blockbuster sappy romantic comedy family value promo list go fail miserably enough interest keep turn end although appreciate spirit behind war inc depress see clumsy effort especially take target reflect lack existence serious critique rather simply poor write direction production particular film critique make corporatization war poke fun way diminish true atrocity happen remind bite three kings similarly trivialize genuine cause concern,negative
movie frustrate everything seem energetic totally prepare good time least think able stand wrong first weird loop like watch america funniest home videos damn parent hat much stereo typical latino family need speak person responsible need talk little girl always hang someone hat mention final scene transcend must say gloriously bad full badness movie crappy dance horrible beautiful,negative
war movie hollywood genre do redo many time clichéd dialogue rehash plot top action sequence seem unavoidable conflict deal large scale combat however war movie come along go grain bring truly original compel story life silver screen civil war era cold mountain star jude law nicole kidman renée zellweger film call cold mountain war movie entirely accurate true enough film open quite literally quick dirty battle sequence put glory director edward zwick shame however cold mountain much civil war period people time story center around disgruntle confederate soldier inman play jude law become disgust gruesome war homesick beautiful hamlet cold mountain north carolina equally beautiful southern belle leave behind ada monroe play nicole kidman first glance setup appear formulaic romantic interest back home give audience enough sympathy root reluctant soldier tribulations battlefield indeed earlier segment film relatively unimpressive even somewhat contrive cold mountain soon take drastic turn though intrepid hero inman turn deserter incidentally save audience potentially confuse scenario want root confederate begin long odyssey homeward meanwhile back farm ada culture ways prove little use field soon transform something wilderbeast come ada rescue course tough nail ruby thewes play renée zellweger help ada put farm back together perhaps importantly cope loneliness isolation war seem bring upon ada within two settings vivid compel time disturb portrait war tear south unfold character inman ada interact surprisingly complex enhance wonderful performances brendan gleeson ruby deadbeat father ray winstone unrepentant southern lawman natalie portman deeply trouble isolate young mother greatly affect change war northern aggression mostly worse dark pervade anti war message accent effective haunt score chillingly beautiful shots virginia north carolina communicate audience much gruesome battle scenes scar land traumatize people war fight though weapons tactics war change much past century hellish effect land timelessly relevant director anthony minghella manage maintain gloomy mood film atmosphere unfortunately denigrate rather tepid climax little justice wonderfully form character love story inman ada awkwardly tack onto begin end film though inherently distant abstract even absurd nature relationship way fit dismal nature rest plot make mistake cold mountain neither traits feel good romance inspire war drama unique vision era sure entertain also truly absorb audience live people tear apart war entirely desperate rid terrible repercussions altogether,positive
taut organically grip edward dmytryk crossfire distinctive suspense thriller unlikely message movie use look devices noir cycle bivouac washington dc company soldier cope restlessness hang bar three end stranger apartment robert ryan drink belligerent beat host sam levene death happen jewish police detective robert young investigate help robert mitchum assign ryan outfit suspicion fall second three george cooper vanish ryan slay third buddy steve brodie insure silence young close abet superior script john paxton dmytryk draw precise performances three star bob ryan naturally prototypical angry white male hilt mitchum underplay characteristic alert nonchalance role however central young may never better gloria grahame give first fully fledge rendition smart mouth vulnerable tramp sad sack leech life paul kelly haunt us small peripheral role make memorable politically engage dmytryk perhaps inevitably succumb sermonize pretty much confine young reminiscence irish grandfather die hand bigots century earlier thus incidentally stretch chronology limit least attempt render explanation however glib ryan hat jews hillbillies curiously crossfire survive even major change work upon novel base richard brook brick foxhole deal gay bash murder homosexuality 1947 still beyond pale news holocaust however begin emerge ash europe hollywood felt embolden register protest anti semitism studios always quake prospect offend potential ticket buyer change homophobia anti semitism work general specifics fit smoothly victim chat lonesome drink young soldier invite back home look odd even though especially since girlfriend tow raise question whether scenario retain inadvertently leave discreet tip original engine generate ryan murderous rage,positive
ardh satya one finest film ever make indian cinema direct great director govind nihalani one successful hard hit parallel cinema also turn commercial success even today ardh satya inspiration lead directors india film tell real life scenario mumbai police 70s unlike police cities india mumbai police encompass different system altogether govind nihalani create practical outlay real life approach mumbai police environment amongst various police officer colleagues film describe story anand velankar young hot blood cop come poor family father harsh police constable anand suffer father ideologies incidences father atrocities mother anand approach towards immediate action crime inert crave job satisfaction film revolve plot wherein anand constant efforts crime trample seniors lead frustrations cannot achieve desire job satisfaction result frustrations anger express excessive violence remand room bar also turn alcoholic spirit within still alive constantly fight system aware system metro police politicians inertly associate far end compromise towards unethical practice negative finally get suspend direction master piece thoroughly hard core one best memorable scenes anand break underworld gangster rama shetty house arrest follow short conversation fantastic many scenes film hair raise moments practical approach script major punch alcoholism corruption political influence courage deceptions integral part mumbai police even today aspects deal brilliantly finally film belong one man show om puri portray anand velankar traverse emotions absolutely brilliantly,positive
first exposure templarios good one excite find title among offer anchor bay video bring us cult classics spider baby print quality excellent alone hide fact film deadly dull thrill open sequence villagers exact terrible revenge templars set whole thing motion everything else movie slow ponderous ultimately unfulfilling add insult injury movie dub subtitle promise video jacket,negative
one significant quote entire film pronounce halfway protagonist mafia middle man titta di girolamo physically non descript middle age man originally salerno southern italy introduce start film live non life elegant sterile hotel italian speak canton switzerland last ten years conduct business gradually introduce pivotal yet apparently unremarkable scene take place employees swiss bank normally count di girolamo cash tell 10 000 dollars miss usual suitcase full tightly stack banknotes news quietly icily threaten coax bank manager want close account meanwhile tell us spectators bluff bluff right end without fear catch appear ridiculous say bluff halfway tell truth eventually do bluff halfway tell truth accept consequences life ultimately love exactly reason behind begin titta di girolamo trouble initially unsympathetic character scowl taciturn curt man verge 50 man even reply kind chambermaids waitress say hello goodbye become one point someone spectator care deeply one point non life titta decide feel concern appear ridiculous first half film may describe slow indeed reveal di girolamo days nights hotel oddly disjoin deliberate pace reveal seemingly mundane irrelevant detail however scenes may seem unnecessary reveal essential masterfully construct innovative film unfold eye existence titta di girolamo man imagination identity life unsympathetic character unexpectedly end love feel least think would also convey elegantly edit sequence interest use music one theme scottish band board canada especially stand never contrast way hollywood italy treat mobsters odds since release film le conseguenze dell amore l imbalsamatore another interest element way film make use protagonist insomnia unlike machinist far explicit way al pacino film insomnia le conseguenze dell amore use condition symbolise deeper emotional malaise ram deep obscurity unconscious almost impossible pin point cause indeed one young sympathetic hotel waitress sofia play olivia magnani grand daughter legendary anna memory titta best friend man see 20 years unexpectedly provide tiny window onto life titta eventually though tentatively first accept look though never explicitly spell spectator know man like titta accept consequences love unimaginable consequences film without single scene sex violence film unfold time concede nothing spectator expectations le conseguenze dell amore fine representative small quiet discreet renaissance take place italian cinema since decline cinecittà second half 70s world wait italy produce il postino like fare la vita è bella style film neglect explore fine creations like le conseguenze dell amore l imbalsamatore others loss world,positive
watch film really expect much get pack 5 film pretty terrible way fiver could expect know right terrible movie stretch interest point occasional camcorder view nice touch drummer like drummer e damn annoy well thats actually problem bore assume attempt build tension whole lot nothing happen utterly tedious thumb fast forward button ready press movie give go seriously lead singer band great look coz half mention beautiful hell lot think look bite like meercat even mention killer even gonna go worth explain anyway far concern star london reason watch exception london actually quite funny act talent certainly see lot worse also see lot better best avoid unless bore watch paint dry,negative
buy film blockbuster 3 00 sound interest bite ranma esque idea someone drag around skeleton cute girl mini skirt back restrict view sticker think go sweet least sincere come age story weird indie edge 100 wrong watch wonder get restrict sticker since hardly foul language little violence closest thing nudity honestly usually go around hop girl nightgown see panties see panties lot movie matter wear miniskirt sort even anti religious humor tame lame caricature insincere derivative unoriginal worst funny slightest would better listen ray stevens would jesus wear rolex television show would barely qualify pg 13 rat blockbuster refuse let anyone age 17 rent pornographic little kid could go rent edit version requiem dream insist zack reba worse way way worry thing leave could offend people idea suicide begin anybody need see movies honestly portray suicides one better ones like virgin suicides teenagers movies rat r purely suicide aspect little chance turn story write pg 13 movie main character eleven half twelve suicide one top three lead cause death teenagers think number 2 chance teens affect say movie though 2 10,negative
plot death little children hopper one investigate kill movie appear trouble daughter end serial killer get catch find dunnit see terrible act actors unbelievable bad actors include hopper could go like much waste time watch movie warn,negative
ever watch movie lose plot well even really one begin begin achingly tedious scenes heroine sit around house actually sense menace even forebode create even apparently constant thunderstorms strangely never actually hear house great double glaze house apparently miles town yet several hours walk away third girl serve purpose plot except provide surprisingly quick gory murder tedium become unbearable even begin suggest spate 20 kill throughout area even though apparent killer never venture far house bizarre ritual salt pepper pretty much sum film inherent lack direction add lead actress act least will completely irrelevant nude shower scenes video truly nasty way hope give follow simply ban uk 80 mostly final surprisingly extend murder offer nothing curiosity value one classic daft murder worry telegraph least ten minutes walk woods victim come rather steep upward slope obviously struggle halfway see figure top dress black brandish large scythe slide run like rest us course struggle top stand conveniently nice upright front murder weapon really movie say,negative
okay series kind take route go week week david morse character help ride bite pickle wrong david morse one greatest character actors certainly coolest series create david koepp great writer heaven due lack love show many see go season series never know amount rubbish make beyond baffle let hope something good make past first series,positive
sit pile dung husband wonder whether actually product experiment see whether computer program could produce movie listless formulaic u propaganda throw face throughout film prove disappointingly work humans call conspiracy theorist quote like steal declaration independence protect seem like ways justify action like invasion iraq etc fact nicholas cage spew line like would never use declaration independence bargain chip straight face make husband wonder whether entire cast take valium shoot scene reason behind plot turn new clue truly ridiculous impossible follow also bonus side plot misogyny dr whatever name chide involve never shut clearly movie look felt need slap dr title character give gravity one point cage character say ever shut camera pan look poutily hand like child truly grotesque benefit movie astonishingly bad get laugh really scary thing majority people watch movie us seem enjoy creepy,negative
clichés movies type substance plot go nowhere end movie felt like sucker watch production good however script act b movie quality cast poor good actors mix crumby actors good actors hold lift others movie worthy word say meet minimum requirement ten line jam wood cuba gooding jr play caricature movies look mindless entertainment still recommend movie,negative
movie base book many splendored thing han suyin tackle issue race relations asians white topic come han personal experience eurasian grow china background beautiful hong kong settings give love story unique rather dare atmosphere time story stereotypical romance memorable song perhaps remember movie beautiful jennifer jones look part give wonderful oscar nominate performance doctor mix breed advent communism mainland china william holden never look better play romantic lead journalist cover war tear regions world act top notch chemistry two lovers provide genuine moments silver screen affection sure melt hearts romantically incline cinematography really bring fifty hong kong especially hilltop overlook harbor two lovers spend intimate moments end real tear jerker may consider sentimental romance passé enjoy classic hollywood love stories shin example,positive
film see one rage get one worst yet direction logic continuity change plot script dialog make cry pain could anyone come something crappy gary busey know b movies sure w movie w waste take example two dozen fbi local law officer surround trailer house jeep wagoneer inside jeep confuse cop within second huge gun battle ensue kill straight cop blast away jeep gary company blast away cop fall like dominoes jeep gary drive around circle hit one single bullet pellet kill gary seem notice damn guy tough truly miracle since six shooter hold 300 bullets miracle,negative
hear good things state grace come open mind think god army okay think maybe dutcher improve mature filmmaker film begin shaky act think well maybe get better unfortunately never picture start introduce two elders mormon missionaries seem audience get know grow care instead story degenerate highly improbable series unfortunate events highlight blatant disobedience missionaries something undeniably exist rarely level dutcher portray become almost laughable dutcher success movie successful alienation target audience unrealistically inaccurately portray live mormon missionaries dutcher accomplish nothing anger predominantly mormon audience film way reflect reality missions nothing like dutcher show serve mormon mission attest fact gang life california certainly contain much explicit language occasional mild vulgarity conclusion assume suppose touch audience inspire believe forgiveness available unbelievable c mon entire mission gather see elder send home mom girl stand right next cheesy next time dutcher try make movie someone identify,negative
movie strike home 29 remember 80 father work factory figure work hard pride never give could american dream house kid car call note however without degree something unlike father quit ninth grade keen sense greed laziness get anywhere would like know anyone movie dvd vhs make tv saw hour ago ic find anywhere love show friends pseudo friends family relatives see think remind upon time americans would work sake feel honor pride accomplish think feel still heavy downward spiral many things make overseas,positive
disclaimer see movie 5 6 time last 15 years saw musical week allow judge movie without taint musical however taint watch musical actually believe michael douglas work quite well role along kasey think let dance scene one best part movie worthwhile addition compare musical dancers sing movie much superior musical well cast least 10 time bigger easier movie course decors light dance sing also much superior movie expect indeed deliver songs common musical better do movie new ones quite good ones whole movie deliver musical opinion especially compare musical decors one bad point movie obvious cut actors talk dub singers sing portion character dance impeccable end product enjoyable musical,positive
protocol implausible movie whose save grace star goldie hawn along good cast support actors story revolve around ditzy cocktail waitress become famous inadvertently save life arab dignitary story go downhill halfway movie goldie charm save movie unless goldie hawn fan go way see film,negative
film could classify drama idea john voight mary steenburgen would try erase cv historically accurate xena hercules abraham moses get meld noah lot abraham nephew lot turn thousands years would bear canaanites wander earth really scriptwriters think ignorance remember something noah animals lot canaanites stuff sunday school try offend maximum number people planet possible christians jews muslims historians archaeologists geologists psychologists linguists matter fact anyone get offend anyone even modicum taste would wince one,negative
preston sturgis power glory unseen public nearly twenty thirty years late 1990s resurface even show television meantime gain notoriety pauline kael citizen kane book suggest herman mankiewicz orson well screenplay kane base sturgis screenplay mention begin thread film imdb web site kael overstate case six narrators take turn deal life charles foster kane newsreel represent ralston henry luce clone thatcher memoirs bernstein jed leland susan alexander kane raymond butler different slant kane reflect faith disappointment hatred man course also reveal fail tell version kane story method also lead frequent overlap tell incident situation power glory yes like kane legendary business leader tom garner spencer tracy man rise bottom head successful railroad system country two narrators garner right hand man henry ralph morgan wife sarah padden restrict nearly three dimensional view get time kane garner henry narrate talk boss friend respect love wife like voice skeptical public see flaw henry typical example although work way tom become anti labor later years unions troublemakers care slow shenanigans henry describe tom confrontation union major walk preoccupy detriment home life henry wife remind tom use scab violence end strike apparently blow union headquarter kill many people two view man one pure white one pure black really knock power glory duplicate kane success film include orson well film aware story present well enough hold one interest end thank performances tracy colleen moore wife sally tragedy worldly success pair fully bring home marry tom want well part give wife family benefit never america great business success come cost tom get deeply involve run railroad empire expand improve constantly take away home much lose touch sally also notice eve helen vinson younger woman become mistress sally learn unfaithful behavior destroy similarly tom get full shock make martyr eye henry eve marry tom present son turn eve son tom son tom jr philip trent discovery incestuous cuckold cause tom shoot film total success action jump time unconvincingly yet make business seem real note scene tom tell board directors plan purchase small rival train line discuss use debentures finance plan sturgis come wealthy background could bring type detail whole first rate film citizen kane perhaps interest movie lovers attempt business realism social commentary depression america,positive
average surprisingly tame fulci giallo mean still quite bad normal standards redeem solid build nice touch neat time twist issue visions clairvoyance genre well know weaknesses full gear banal dialogue wooden act illogical plot point finale go much long denouement prove rather lame shall say limp affair fulci ironic handle giallo norms amuse though yellow clue wherever look 3 10 limp killers,negative
return 36th chamber one classic kung fu movies shaw produce back 70s 80s whose genre equivalent spaghetti westerns hollywood protagonist gordon liu counterpart western clint eastwood digitally remastered new print make fantastic film fest present shaw scope like good old days film simple story good versus evil tell 3 act less sum narrative martial arts film era act one set premise workers dye mill small village unhappy lot wag cut 20 incoming manchu gangsters much exploitation none martial arts skilled take gangsters boss first minor success get liu impersonate highly skilled shaolin monk one best comedy sequence rouse get expose push limit credibility impersonate one many time act two show protagonist want get back mob however without real martial arts embark journey shaolin temple try infiltrate learn martial arts sly slapstick moments finally get accept abbot impersonate disappoint teach methods kinda like mr miyagi style karate kid instead paint fence get erect scaffold around temple nothing keep good man unwittingly build strength endurance learn kung fu unorthodox way act three fight fest begin cheesy sound effect obvious non contact film give maximum impact treatment rather refresh watch fight scenes wide angle shots highlight clarity detail spar partner use slow motion showcase stunt different angle may find speed fight tad slow pause move yuen wo ping style use ad nausem hollywood flick sure make fight scenes like use return 36th chamber get repeat screen monday game nostalgic trip memory lane wait,positive
spoilers real life well movies familiar story happen many young men put war zone gun rifle hand case young innocent never handle fire gun jimmy davis franchot tone repeat thousands time centuries men like jimmy davis force take arm country jimmy first want kick us army encourage stay belt mouth good friend fred p willis spencer tracy end front line france jimmy unit pin german machine gun nest single handedly put commission pick half dozen german soldier safety nearby church steeple jimmy gun last survive german raise arm surrender artillery shell hit steeple seriously wound recover wound army hospital jimmy fell love us army volunteer nurse rise duffy gladys george rise really love jimmy good friend happy go lucky fred despite obnoxious antic towards fred lose fight western front rise think kill fell love later marry jimmy fred unexpectedly show french town jimmy fully recover wound station things get sticky rise already accept jimmy proposal marriage wwi jimmy marry rise leave fred still love bitter resentful young man almost accident fred run jimmy streets new york city discover shock surprise completely change meek non violent person know send war european western front smug sure ability shoot gun jimmy become top mobster new york city underworld fred later find wife rise idea jimmy really involve jimmy tell work law abide inoffensive insurance adjuster jimmy life crime come full circle rise find secret life rat police prevent execute valentine day like massacre gang members dress cop rival mobsters trial jimmy come sense admit guilt will face music three year sentence get life back together spoiler alert hear rumor fellow convict rise best friend fred affair behind back jimmy break prison end fugitive law fred circus work manger barker jimmy see rise well fred true like trial sudden change heart think go back prison least another ten years add sentence much jimmy jimmy decide end let police track job heart,positive
bela lugosi appear several low budget chillers monogram studios 1940 corpse vanish one better ones bela play mad scientist kidnap young brides kill extract fluid body keep age wife look young reporter doctor stay night home discover responsible brides deaths follow morning report murder police mad scientist shoot drop dead shortly afterwards get almost everything movie scientist assistants consist old hag hunchback dwarf sons thunderstorm spooky passages bela house bela wife find sleep better coffin rather bed movie corpse vanish worth look especially bela lugosi fan great fun rat 3 star 5,positive
cannot believe enjoy much anthology stories better par link story surprise end hook alot familiar face keep ask see forget run time list new line tape 103 minutes accord vcr timer imdb space maggot douse campfire special way hike 8,positive
33 percent nations nitwits still support w bush would well see movie show aftermath french revolution terror 1794 strikingly similar post 9 11 socio political landscape maybe could stop worry save face take whupping deserve really shame politician ruin country vote deny right ever vote clearly show sense character really stand movie ambiguity character hopelessly doctrinaire robespierre haunt empty man simplistic reductive ideology help elucidate boundaries safety totalitarianism execution murder self defense patriotism legalistic litmus test aggravate hopeless situation help create sound like belligerent overprivileged retard yale cheerleaders know wojciech pszoniak blow slovenly deparidieu screen sympathetic robespierres plight comfort know shortly film end jaw shoot send guillotine,negative
someone already mention board difficult make fake documentary require tremendous skill pace patience directorial distance plausible premise narrative flow really believable act aka great act case love machine start show faux hand 20 minute mark 60 minutes leave watch viewer start realize take downhill director gordon eriksen simply peak soon fair eriksen problems start early explain extras begin want real doc get fund settle cheaper way make film premise people secret live post porn website perhaps interest 1997 98 film make eriksen lot tricky stuff pushy host hand hold cameras zoom grainy black white guess elicit sense authenticity work film confuse force ultimately bring believability actors pretty awful dialogue,negative
hill eye ii would expect nothing course go oscar nominate film pure entertainment lose 90 minutes plot basically group national guard trainees find battle notorious mutate hillbillies last day train desert fight back throughout whole film include lot violence basically whole film blood gut constantly fly around throughout whole thing also yet another graphic rape scene pointlessly throw shock audience give hill eye ii 4 10 pure entertainment although even find look watch film go begin drag due fact continue try shock audience graphic gore occasional jump scene make sure audience stay awake hill eye ii decent entertainment something pass time bore nothing else 4 10,negative
laugh way rotten movie unbelievable woman leave husband many years marriage breakdown front real estate office happen office manager come outside offer job hilarious next thing know two women go yep lesbians nothing ring true lifetime women nothing better movie clunky dialogue like want spend rest life feel like chance happy take help wealthy distant mother disapprove daughter new relationship sassy black maid unbelievable year 2003 film get make sassy black maid hattie mcdaniel must turn grave woman husband freak want custody snotty teenage kid sheesh cliche leave unturned,negative
spoilers hitchcock successful first american film rebecca base upon daphne dumarier lush novel gothic romance intrigue return familiar theme early british period mistake identity espionage u settle world war ii large scale war effort civilians build plan weaponry necessary militia boom film entertainment business begin turn paranoid often jingoistic thrillers war time theme thrillers often involve network deceptive skilled operators work shadow among good law abide citizens know director home espionage genre producer jack skirball approach hitchcock direct property own deal corruption war time sabotage helpless hero thrust vortex coincidence mistake identity darker elements narrative sharp wit literary maven dorothy parker brief stint hollywood return bohemian root nyc co author script perfect match hitchcock sensibilities often neglect film tell story unfortunate 25 year old barry kane robert cummings work los angeles airplane factory meet new employee frank frye norman lloydd moments later frame commit sabotage flee authorities believe far fetch story meet several character way soda city utah finally new york city memorable character include circus caravan car full helpful freak popular billboard model patricia martin priscilla lane worst crisis life well national security fall madly love course land hitchcock patricia kidnap suppose saboteur barry fall captor thus add romantic tension mix good form out hitchcock brew national network demure old ladies average joes respectable businessmen double secret agent terrorists harbor criminals pull gun detonate bomb keep things move terrific plot take time move forward ignite culminate one hitchcock memorable finales look incredibly life like nyc tourist attractions recreate art directors hollywood due war time shoot ban public attractions saboteur may one hitchcock well know film popular b movie certainly solid engage plenty clever plot twist usual terrific hitchcock villains remember look hitchcock cameo appearance outside drug store second half film hitchcock original cameo idea shoot fight sign language deaf wife ax bureau standards practice afraid offend deaf,positive
watch dresser even see dozen years ago big movie try make big splash god brilliance two lead leave speechless albert finney tom courtenay nothing less amaze movie dresser story sir age shakespearean actor finney dresser norman courtenay sort valet put production king lear blitz london world war ii two men dependent upon sir almost helpless without aid norman cajole wheedle bully get onstage 227th performance lear norman live life vicariously sir without sir need nothing think anyway character drive film plot secondary interaction character require actors highest caliber bring life finney 47 years old completely believable old sick petulant bully brilliant stage actor hiss fume fellow actors even take bow courtenay less convince mince dresser must sometimes act mother valet elderly employer employer really wrong term use though although technically relationship employer employee time sir norman act like nothing much old marry couple yes others cast movie question true star finney courtenay marvelous script ronald harwood say fine performances notably eileen atkins long suffer stage manager madge wonderful scene sir madge talk old desire old regret might although get talk days worth remember dresser nominate five academy award best actor nominations finney courtenay best picture best director peter yates best adapt screenplay remember good movie prepare completely mesmerize begin end want see example great act hugely entertain encourage see dresser,positive
happen basically solid plausible premise decent talented cast somewhere movie lose actually never really get go little excitement find angie really pregnant find steve martin talented person usually bring lot movie dreadful entire character even close important movie make longer really would like see interactions main character kate angie maybe try pure comedy unfortunately maybe drama comedic elements think movie could funny since actresses quite funny ways sit think numerous scenarios would riot,negative
watch fingersmith stun see 8 10 average rat show plot difficult follow seem character development randomly apply actors adequate process attempt create twist turn character render entirely one dimensional happen story really fall flat become tedious case anyone see predictable lesbian undertones miles way hammer home banal term end film end scene disappoint phone anyone sit back go ohhh carpet munchers along must even two star tonsil hockey earlier scene least bite raunchy none rest,negative
let begin movie original cronenberg movies would usually appear intention see certainly jjl one favourite actresses lovely usual cutie would say favourite movie still quite interest entertain follow rest cast extremely impressive kind miscast star array recommend confidence,positive
besides bore scenes oppressive dark movie try portray kind moral fell flat message redeem qualities top think could make librarians look unglamorous,negative
unmarried woman name stella bette midler get pregnant wealthy man stephen collins offer marry sense obligation turn flat decide raise kid things go ok child name jenny trini alvarado become teenager things gradually predictably become worse see silent version sound version stella dallas neither one affect much cry easily well make date try remake 1990 stupid idea guess midler enough power incomprehensible success beach get make predictably bomb story laughable date today standards even though midler alvarado give good performances film really drag bore silly end stephen collins marsha mason good actors help support roles flimsy dull really think would work see 1937 stanwyck version instead give 1,negative
torture duckling one fulci earlier honestly term story line better film although typical bloodbath fulci know still unique enjoyable film story surround small town series child murder occur colorful character involve investigations either suspect help investigation case include towns police force small time reporter beautiful rich ex drug addict young priest mother old man practice witchcraft female protégé mentally handicap townsman deaf mute little girl people interweave plot create several twist turn actual killer reveal torture duckling neither classical giallo typical fulci gore film although contain elements old fashion murder mystery darker subject matter scenes graphic violence although nothing nearly strong fulci later work well write film lot twist keep guess end recommend giallo murder mystery fan anyone look check fulci non splatter film despair torture still fair share violence sleaze may put subject child kill one main female character strange habit hit young boys also kind disconcert type material bother definitely give one look 8 5 10,positive
busty beauty stacie randall play pvc clothe bad ass bitch alexandra faithful acolyte faust evil entity trap hell determine free master malevolent minx break warehouse steal magical gem vital success whilst conduct satanic ritual summon faust silly mare accidentally enter pentagram draw floor result loss gem release two diminutive troll like creatures call lite dark alexandra must find replacement gem go easy stone trick wear around neck ex lover police detective jonathan grave peter liapis investigate warehouse robbery know well evil alexandra capable meanwhile wise crack inter dimensional half pints lite dark get sort zany trouble try find way back home warp movie world jim wynorski females big breast babes fashion sense cheap hooker ghoulies iv exception every woman film whether police captain curator antiquities mental patient asylum hot hot hot wear lot fact make otherwise totally unwatchable piece stv crap bearable warn even though presence semi naked quality crumpet make go slightly easier still plenty film warrant label ordeal act wooden dialogue painful black humour dvd blurb describe funny knee knackers comedic banter lite dark particularly cringe worthy special effect bargain basement consist rubbery creatures visual effect would look date ten years earlier 3 10 solely high bimbo quotient,negative
really like salman kahn really disappoint see movie much plot appeal salman however look good movie look young refresh worth price dvd music bad quite nice usually indian movies least two three hours long short movie indian film american actress play movie television hit series heroes ali larter act lot desire however look good indian dress wear movie lot desire hope salman lot better next movie thank,negative
sure producers need trade name somewhat successful movie franchise title suggest sequel first three movies even though marques houston appear hp3 play totally different character eight years older film okay reid martin talented carry film trade hp franchise seem could make sort reference albeit minor earlier movies sure everyone want see hoodwink think see sequel totally different film familiar name sorry kym whitley funny could hold candle late robin harris ketty lester dc curry earlier film although meagen good mari morrow substantial visual diversion give thumb name film last minute would ok furthermore hudlin brothers produce first three movies involve make film,negative
film labour along predictable story line shallow character ever see writer obviously buy playbook write space disaster movie follow play play particular stereo typical use astronauts talk love ones outer space put brave show face disaster do time time max q appear write hope producers would throw 50 million project judge latter half film contain numerous lame attempt special effect producers could muster 50 thousand learn film nominate special visual effect emmy absolutely gob smack think handful high school students pass media study could create believable effect plot hole numerous mention pick one example nasa expert surely highly implausible worker attach shuttle simulator would suddenly hold position power control room things start go pear shape program surely someone experience mission control program director would call rather twenty nine year old control room save grace film work bill campbell manage make good attempt salvage something train wreck script give film 2 10 average work bill campbell lead role save lower mark,negative
caddyshack two good movie compare original cant stack robert stack horrible replacement ted knight jackie mason funny cant compete rodney dangerfield ty webb funny character original character movie lack punch original henry wilcoxon example except hystericly funny lawyer peter blunt play randy quaid every line say remind originals humor especially scene office go law suit motion find live come house beat door f ing baseball bat make bonfire chippindale maybe roast golden retriever arff arff arff eat comin upstairs junior grab brook brothers pjs cram brand new bmw tight understand offset small role however dan acroyd obviously replacement bill murray voice beyond irritate everything isnt even funny stupid overall caddyshack ii good movie comparison awesome original cant cut,negative
honestly short film suck dummy use necro scene pretty well make still phony enough look ruin view experience unearth dvd crisp clear make mind help hinder film little grainy might add creepiness factor go idea film much hype surround subject matter honest necrophilia scenes film like nekromantik visitor q among others shock aftermath talk film loneliness manner deep philosophy bull expensive beautifully film turd shock disgust insist view rent give 3 fact many people make explicit movies necrophilia definitely bigger selection us sickos film good gore watch rubbery look doll get cut open consider gore absolutely nothing go hype mess hand genesis cerda sequel aftermath available double feature release unearth film absolute masterpiece short film really show good director cerda really give right material although care aftermath genesis well make forgive cerda definitely keep eye future,negative
think mukhsin wonderfully write entertainment tonnes subtle message think yasmin try bring across yes might confuse especially watch sepet gubra 76 time bet u notice use character two movies right really ironic character relate like bossy neighbour prostitute gubra chick snooker pad turn religious wife pious man future absolutely love voice overs crude yet awakeningly fresh like take shoot rumah tumpangan gamin signboard suddenly mukhsin voice say bismillahhirrahmannirrahim scene climb tree capture malaysian attitude mild way snigger pathetic portray character example even kid really sharp tongue complete shrill annoy voice simply bad mouth ppl movie long busybody talk ppl ur life sort say movie totally reach expectation exceed keep glue screen even take eye even make cinema ha ha,positive
golf fan mean may 26 10 30 pm movie start scene late 1800 old movies like golf however within first scene young boy harry vardon awaken voice men go outside inquire tell go build golf something turn television something stir back movie excellent see young boy man professional golf player haunt visions childhood meet true focus movie francis decisions make golf meet mother father want protect class thing obvious period little eddie lowery caddy encourage word little push instrumental francis win want give away much 2 super please see movie,positive
upon view tobe hooper gem crocodile 2000 develop great interest college crocodile niche exploitation monster genre look forward wayward producer follow several sequels delightful bonbons camp goodness ed wood could bring subtle sense flair dignity remarkable script ed write script room full monkees create crocodile special effect computer need would cast crocky fodder russ meyer breast ren hoek pectoral implant tobe hooper crocky opus reference movies blood surf choose dish bunch age theme chum bucket movies see look past revenge nerds sequel set find allusions homages rip off jaw temple doom indiana jones last crusade convent godzilla 2000 jam bond movie also try find ready tv fade editor give make sense stock disappoint crock get try sotto voce tenor soliloquy environmentalism crocky appreciation quasi captain ahab story get tour de force speach perhaps come years see crock gallop shootout golden sunset hopefully monkey flush crocky toilet international space station midgets enjoy exploitative waltz zero g monkey midget crocodile bloodshed lack whammy bar surf music irk,negative
try epic adventure century cast like shô kasugi christopher lee john rhys davies really perfect b adventure time actually pretty fun swashbuckling adventure even flaw capture interest must felt biggest movie ever people make even make 90s modern feel feel old errol flynn movie big adventure movie big thing hollywood afraid feel never old movies hand real feel hate think okay adventure movie really love soundtrack damn want theme song,positive
last hard men find jam coburn outlaw long sentence break free chain gang friends head mexican border jail safety coburn mission revenge kill peace officer bring process kill woman peace officer charlton heston retire know coburn explain daughter barbara hershey coburn hole shack involve waco like standoff indian woman kill hail bullets fire something proud collateral casualty manhunt lest feel sorry coburn let us know full well evil man truly heston usual stalwart hero act honor last hard men go jam coburn blow everyone else screen coburn get bright idea make sure heston trail kidnap hershey take indian reservation white authorities touch know heston make personal coburn gang include morgan paull thalmus rasulala john quade larry wilcox jorge rivero heston chris mitchum along son law last hard men one nasty brutal western andrew mclaglen direct think may project originally intend sam peckinpaugh sure show lot influence liberal use slow motion accentuate violence lot little peckinpaugh lite last hard men film,positive
maybe title trailer certainly interview dvd director keep say hi kid camera like buffoon expectations entrails virgin least bite sleazy fun good sex scenes brutal bloody kill weird japanese penetrator turn way sleazy good bad whatever problem one see also italian sexploitation flick porno holocaust similar many respect balance sex violence much sex turn prototypical porno even much production quality comparison professional porno movies kill scenes least little tack maybe smidgen ingenuity create creature killer whatever entrails virgin neither safe say pretty soulless movie even one worst ever make horn dog japanese fetishists get girls trouble men brain head case give photo team guy take shots girls nothing salacious way dense fog stay house one night pick one one murderer credit first director kazuo gaira komizu decide put quota random sex scenes early get splice phone take pick clip one photographers sex one girls elsewhere look like another movie settle house wrestle scene poorly choreograph shoot yeah really need see rape kill first rape photographers promise girls job time murderer like amato creature simply cover mud give stupid facial unknown reason kill men rap women one one latter take consider highlight movie like say however croûtons best part wretchedly taste salad eye gouge scene spike throw like olympic event scene actually kind cool finally entrailing overly sex craze girl whose inconsequential name remember even become disappoint correct title top sex scenes become tedious gaira indulgence long take without cutaways everything japanese censor blur anyway dub actors think seem enjoy enough hence need let speak overall feel entrails virgin lumpy one gawk without shred suspense true horror watch last girl leave alive virgin picture try stop murderer get last five minutes keep throw stick want do hate women mantra ease rid altogether,negative
scenes actually attempt depiction revolutionary struggle resemble hirsute boy scout troop meander tentatively swim hole sharif please god palance try hand fiery oratory sound like kurtz swallow bug display strategic brilliance incorporate map cuba replete smile fishies ocean positively vaudevillian hypothesis bay pig come pass leave us one comical dentistry scene surfeit uppity hollywood peasants address camera though move train kick passel homoeroticism limit castro manic unremitting cigar fellatio never trust medved even bust clock right twice day historically awful movie,negative
film take surprise make habit find little possible film attend trailers review provide spoiler spoiler know upon enter theater documentary long marry couple imdb readers give 7 8 rotten tomatoes users rank 7 9 critics average amaze 8 2 anything underrate little gem filmmaker doug block decide record parent posterity begin film treat requisite interview parent outspoken mother mina less forthcoming dad mike immediately find couple interest idea filmmaker mike mina son doug go take us matter fact doubt doug know go life take unexpected twist turn beautifully expressive film follow journey difficult verbalize move story unique way tell absolutely rivet begin end really must see even fan documentary genre film make think life might even evoke memories think long forget 51 birch street one rare filmgoing experience make deep impression never leave best news hbo hand production instead play limit art house audience eventually millions people chance view incredible piece work bravo,positive
stephen hawk genius king geniuses watch movie make feel dumb great movie highly entertain intrigue movie center around wheelchair bind stephen hawk man make einstein look average theories scientific discoveries universe time galaxy black hole everyone sometime another really intense high come moment think v get universe cosmos figure swear soon sober write well man actually hold feel six hours man despite suffer lou gehrig disease become greatest mind world yet see watch listen formulate theories black hole awesome see,positive
story psychic woman tory return hometown begin relive traumatic childhood past death childhood friend abusive father tory discover friend first string murder still occur psychic power help solve crimes stop continue murder really need find oh god bad know nora roberts fan flock movie give tons 10 rest us see imdb score 6 actually think movie worth watch fool end predictable act terrible even get start southern accent story trite remember warn,negative
oh god must see 11 twelve ask may young stupid anyone could see bad movie nasty gross unscary silly see impressive effect disneyland see better performances school play see convince crocodiles zoo nothing sit water ignore children tap glass story set northern australia handful ambitious young people try new water sport surf shark fill water soon become evident something dangerous water learn get help grizzly middle age fisherman want kill animal avenge eat family think see every crocodile film make last fifteen years best lake placid worse sequel blood surf would second worst croc flick think primeval crocodile tail closely behind australian saltwater crododile one dangerous creatures result hundred injuries deaths every year movies like blood surf however ruin ferocious image creature good hour half viewer life unless really want see avoid blood surf,negative
fate lead walter sparrow come possession mysterious novel eerie similarities connections life base around number 23 story unfold real life fiction sparrow must figure connection book story eventually end number 23 offer intrigue premise undo weak execution film fail many different level pretty disappoint hold much potential screenplay probably worst part fill silly sequence laughable dialog kill mood movie seem like screenwriter good idea know develop stretch ninety minute run time second half film run low ideas twist pretty obvious end awful joel schumacher responsible one worst movies ever redeem little phone booth film number 23 remind still capable make stinker movie drench style get good focus move film clunky slow pace switch reality actually happen book quickly get annoy actual book film title number 23 awful detective story audience get stick listen carrey narrate bore tear carrey finally do book get stick watch run around try solve mystery point audience lose interest real tension impatiently wait movie reach horrible end unconvincing explanation celebrate film finally finish act mostly average pretty forgettable jim carrey clearly sleepwalk performance even seem try either completely top scenes wooden narration complete bore listen put life inside character virginia madsen best could limit role need pick better script logan lerman pretty bland danny huston overall number 23 awful thriller offer laugh suspense thrill rat 3 10,negative
bring film joke friend could worst joke play film barely watchable act dire worst child actor ever use hasslehoff give substandard performance plot disgraceful point bore wonder hell go try gruesome place laughable terrible,negative
probably worst movie ever see life stupid plot special affect ridiculous never see bad act life good part movie hot guy especially draw fuller know people think make movie even want finish whole thing get point movie guy bed touch mean like kind sick twist kiddy porn would advise anyone hear movie interest see forget find another movie watch disappoint whole movie complete waste time opinion,negative
typical steele novel production two people undergo sort tragedy manage get together despite odds call spoiler anyone read steele novel know end want know much plot keep read gilbert character ophelia woman french decent lose husband son accident gilbert need stop film require accent otherwise good actress cannot realistically pull kind accent brad johnson also excellent actor matt recover rather nasty divorce gentle convince compel role two meet beach daughter pip initially ophelia accuse matt child molester talk art kid become friends episode couple fall love chemistry two lead great even though talent two people opinion question best could predictable plot script border stereotypical two people meet tragedy bigger tragedy secret reveal another tragedy get together wish nutshell want mindless entertainment get regard genre romantic film one fail memorable secret affair janine turner far superior steele book steele earlier book turn film,negative
oh noes one attack japanese ghost girl movies even remember many see maybe sell scary japanese horror movies similar since first one also pull kid see pull scene many time many horror movies cellphone scene also nothing new dramaticness guy get hit train kinda suck mean lack dramaticness ok kid 14 16 listen japanese rock think unique let tell million one 3 10 see worse miss anything see,negative
nicholas walker paul local town reverand marry martha ally sheedy also habitual womanizer decide fake death run away current affair veronica dara tomanovich however get bout amnesia hence name film sally kirkland also hand crazy old coot pin good reverand shade misery type way sad see pretty good cast waste like least bite john savage horridly forgettable role shoddy private investigator film bill black comedy one bring elements say movie bring former spade sadly contain none latter furthermore emphasize character thus absolutely vest interest technically together bad movie extremely forgettable one eye candy dara tomanovich get topless sally kirkland also show skin grade c saw showtime showcase,negative
hollywood movie industry laziest one entire world need single hit flood theaters old crap invent take superheroes example x man spiderman daredevil elektra ghost rider hulk japanese horror remake even worst take ring pitch perfect mostly mr gore verbinsky bring ton look alike creepy woman base horrors e g ring 2 eye dark water fine pointless grudge first grudge entirely bad scary way one could expect plus plot brain mix narratives grudge 2 exactly like previous could good thing hey boy men black ii nice thing xerox entire screenplay change villain grudge 2 critic go way tire scar bad act except amber tamblyn clichés place three stories take place different place time aubrey tamblyn investigate drive sister karen sarah michelle gellar death allison arielle kebbel take colleagues visit house incident depict first movie take place finally american family witness strange stuff happen apartment next door glad say mean everything tie end one must rely end make good picture everything else simply tiresome dull chill girl alone lockers someone enter house others dig deep meanwhile ghost keep kill kill kill seem even deadlier ten world war ebola epidemic hey seem like another bad japanese remake something call pulse yeah day day get easier hold grudge hollywood bullshit,negative
periscope library since first arrive vhs since acquire dvd digital cinema quirky flick go militarily overboard either pro con first foremost comedy vehicle main character quite surprise sequel never offer movie gain follow border cult obsession even among young become aware visit uss drum mobile alabama 2002 group cub scout grandson among take roles movie plan relive overnighter board fun romp make proud navy hollywood rare company thank kelsey grammar lauren holly rob schneider make could otherwise unremarkable movie great entertainment,positive
come already see film curious others say feel really profusely apologize canadian film ever cross eye moment hear cure retinal bleed report every dozen case like everyone else rent movie believe stupid b movie ripoff blade think sure could use good laugh stupid movie give creators film one positive comment creation thank remove rec xx xx xx bottom right hand corner screen see would distraction see movie record saw movie watch dialogue incoherent scenes take place grandmother trailer swear god know write anymore painful,negative
deanna durbin nan grey barbara read three smart girls universal film 1936 introduce deanna durbin film audiences also star ray milland mischa auer charles winninger john king binnie barnes alice brady sweet story three young women live switzerland divorce mother hear father winninger marry see 10 years know mother still love board ship america help housekeeper nanny determine stop wed realize intend call precious barnes nothing gold digger aid abet mother brady arrange introduce wealthy count arrange father accountant king man choose full time drink auer girls mistake actual wealthy count milland mess delightful film cloy overly sugary nice performances particularly auer milland barnes brady young women pretty good work emphasis course young durbin natural actress beautifully train singer fact voice youngster much even would adult trouble high note later put much weight middle voice sing delightful il bacio police station one nicest things film see father play charles winninger want children around see get know barnes gold digger young girls mother look way inference probably older man seek youth younger glamorous woman fact find youth seek daughters universal give durbin big star buildup final shoot movie ray milland point still pay dues probably surprise even film fan young attractive entertain course lead sequel big stardom deanna,positive
anyone wonder one make movies like use conversation character simple theme friendship struggle evolve something new better different folks need take film see top notch write direct act meld wonderful even observation things use italy england days time funnel terrific comedy entertainment make 1992 alfred molina joan plowright polly walker josie lawrence jim broadbent miranda richardson michael kitchens major roles brush stroke direction mike newell actors accomplish vividly memorable performances photograph sublimely subtle painter eye reminiscent theatrical bedroom farce turn century film might call friendship farce become worthwhile experience growth romantic nature within character viewer artistic telegram importance care around us,positive
watch series curiosity want see could possibly modern technology cecil b demille classic epic 1956 star charleton heston yul brenner sir cedric hardwicke course let yes biblical character correct give us spectacular theatrical scenes hold interest throughout first movie go mini series rivoting scenes burn bush part red sea drown pharohs armies build sethi pyramid could do todays technology scale blockbuster movies lord ring matrix obviously want leave last impression faith sacrifice much need trouble time,negative
daniel day lewis versatile actor alive english aristocratic snob room view passionate irish thief name father impudent violent butcher gang new york performance ten time stronger adrian brody pianist outrageous cristy brown cerebral palsy leave foot name roles influence eachother seperate utterly unique change completely character take begin believe act anything anything cristy brown stun ridicule character pity character difficult achievement cristy brown come life smart man outrageous man human movie despite small scene transition fault like inspiration yes predictable stupidly sentimental laugh cry single moment cheese proof hollywood movie favourite scene scene restaurant cristy discuss painters eileen peter friends daniel day lewis reach act climax kick part anatomy animate wheel cripple performance never slow never falter beautiful simply lot screen time watch never get tire cristy perspicacious eye twitch guttural speeches must see fo sho yo,positive
guess would originally go least two part thus least quarter longer otherwise one explain confuse abbreviate storyline never completely lose often partially lose usually unclear character motivation movie feel though join plot point drop squeeze time slot longer might make sense still much good movie interest idea war zeus hera war male female movie drop ball make hera followers fairly horrible clear zeus followers believe movie also interest see gods real certainty exist get couple intrigue ideas anything useful bad dialog cardboard character one interest scene involve hercules three antagonistic sons unwatchable also worth watch,negative
well like watch bad horror b movies cause think interest see stupidity unability creators shoot seriously good movie always compare movies example spielberg work understand huge difference see like ed wood movies cause inept funny people chill funny even interest extremely bore horror movie without anything make even bad movies watchable act screenplay direction thrill even blood extremely inept amateurish film definitely worst movie ever see see lot worst movies believe warn 1 10,negative
worst movie ever see well worst probably ever see see need rehash others say previously forewarn one bad movies think want watch want able make fun plain bad bad bad bad bad movie equivalent pet rock friend wait wait wait wait wait wait wait wait something happen unfortunately never least pet rock know get lion gate completely deceive bombshell disaster watch film would swear george w bush hand make film yes idiotic stay away unless course want watch worst movie time probably lion gate figure would make money piece tripe,negative
mario fan long remember fond memories play super mario world kid game bring back many memories add something new super mario galaxy latest installment amaze mario franchise much different game mario still keep intact greatest elements mario first noticeable difference story take place space story begin much like mario game mario receive letter princess peach invite celebration castle mushroom kingdom upon arrive peach castle mario find bowser son bowser jr attack castle airships bowser kidnap princess peach lift castle space midst castle lift space mario fall land unknown planet mario find talk star name luma take back luma home float space station mario meet many lumas also meet leader woman name rosalina rosalina tell mario bowser take away space station power star scatter across universe mario help lumas find save peach thus adventure begin way play game fly space station galaxies galaxy consist multiple planets mario travel amongst level via shoot star retrieve power star mario many time walk way around planets without lose gravity planets small others big many planets similar classic mario environments best thing game control stuff like jump still wiimote use many unique ways game shake remote mario perform spin use primary attack game well activate shoot star also point remote screen use pointer fire star bits enemies object environment graphics far best graphics wii hard describe great game look could probably almost say look good 360 game minor grip go upside effect take get use also story pretty weak worst part lose live turn game matter many last quit restart 4 live still minor problems aside superb game highly entertain challenge type game wait wii perfect 10 10,positive
